nome_cliente,media_pagamento
João,9527.000000
Maria,7868.000000
Carlos,2851.000000
Débora,4660.000000
Renato,1695.000000
Clara,1535.000000
Marcos,8020.000000
Lívia,2495.000000
